id,family_name,parent_first_name,email,phone,active
1,Schowalter,Benny,benny.schowalter74@example.com,3423302232,t
2,Gutmann,Nathanial,nathanial.gutmann88@example.com,9973048798,t
3,Reinger,Katrine,katrine.reinger22@example.com,8005452652,t
4,Weber,Owen,owen.weber62@example.com,5358527411,t
5,Stroman,Dereck,dereck.stroman27@example.com,5613638823,t
6,Durgan,Elmore,elmore.durgan27@example.com,5678861853,t
7,Hirthe,Stevie,stevie.hirthe70@example.com,9431162854,t
8,Renner,Alexandria,alexandria.renner19@example.com,4802623357,t
9,Rutherford,Colin,colin.rutherford38@example.com,4669678409,t
10,Gerlach,Gregory,gregory.gerlach73@example.com,8318461155,t
11,Botsford,Kacey,kacey.botsford52@example.com,8598881891,t
12,Halvorson,Madalyn,madalyn.halvorson26@example.com,0572275065,t
13,Block,Rosamond,rosamond.block9@example.com,4446949178,t
14,Larson,Zoie,zoie.larson2@example.com,1402649261,t
15,Pollich,Jocelyn,jocelyn.pollich54@example.com,5695019395,t
16,Hammes,Aida,aida.hammes12@example.com,7390053984,t
17,Lindgren,Fay,fay.lindgren74@example.com,0504609281,t
18,Ankunding,Nicolas,nicolas.ankunding60@example.com,9164471362,t
19,Weber,Lazaro,lazaro.weber24@example.com,0120342413,t
20,Bergstrom,Darrick,darrick.bergstrom18@example.com,3953257116,t
21,Dickinson,Charles,charles.dickinson62@example.com,4117155500,t
22,Reichert,Kara,kara.reichert80@example.com,1685380746,t
23,Hane,Timothy,timothy.hane47@example.com,2607220697,t
24,D'Amore,Sofia,sofia.d'amore34@example.com,1102780715,t
25,Schultz,Myra,myra.schultz47@example.com,9175260366,t
26,Marquardt,Stephany,stephany.marquardt81@example.com,0299659698,t
27,Hintz,Rogelio,rogelio.hintz55@example.com,2737238763,t
28,Hermann,Cory,cory.hermann89@example.com,9865661815,t
29,Hilll,Maegan,maegan.hilll59@example.com,5726905180,t
30,Price,Jabari,jabari.price72@example.com,4635763362,t
31,Nicolas,Cooper,cooper.nicolas44@example.com,4593355422,t
32,Fay,Robyn,robyn.fay52@example.com,1645681755,t
33,Eichmann,Marisa,marisa.eichmann35@example.com,6306618405,t
34,Bechtelar,Montana,montana.bechtelar34@example.com,4259854075,t
35,Dach,Travis,travis.dach45@example.com,0179864341,t
36,Sawayn,Nickolas,nickolas.sawayn39@example.com,4942476402,t
37,Bergstrom,Lyla,lyla.bergstrom39@example.com,8841054023,t
38,Kling,Derick,derick.kling69@example.com,2600711961,t
39,Davis,Caleigh,caleigh.davis85@example.com,2625246517,t
40,Stokes,Lawrence,lawrence.stokes58@example.com,1133700889,t
41,Kohler,Nona,nona.kohler66@example.com,3157840224,t
42,Hudson,Rylee,rylee.hudson79@example.com,8942890051,t
43,Schulist,Neoma,neoma.schulist52@example.com,5058821126,t
44,Ward,Kenyon,kenyon.ward92@example.com,3195587661,t
45,Daniel,Otis,otis.daniel13@example.com,7437910059,t
46,Vandervort,Adrien,adrien.vandervort43@example.com,6561565894,t
47,Rolfson,Jany,jany.rolfson53@example.com,7362483245,t
48,Stark,Demarco,demarco.stark77@example.com,9511343211,t
49,McClure,Carlo,carlo.mcclure43@example.com,1122028091,t
50,Anderson,Delphia,delphia.anderson31@example.com,3128900343,t
51,Stanton,Shaina,shaina.stanton14@example.com,9690263259,t
52,Gerlach,Justus,justus.gerlach59@example.com,6516457387,t
53,Mante,Yasmine,yasmine.mante68@example.com,0400337021,t
54,Bashirian,Erika,erika.bashirian91@example.com,5696070665,t
55,Kub,Mina,mina.kub78@example.com,0499858890,t
56,Miller,Leann,leann.miller86@example.com,6659124915,t
57,Flatley,Frances,frances.flatley12@example.com,4004575104,t
58,Nader,Norwood,norwood.nader1@example.com,5112283593,t
59,Upton,Mireille,mireille.upton75@example.com,3783604040,t
60,Little,Keenan,keenan.little53@example.com,2869214974,t
61,Schuster,Franz,franz.schuster36@example.com,3748390898,t
62,Huel,Dalton,dalton.huel34@example.com,3379506570,t
63,Witting,Lillian,lillian.witting62@example.com,7402373449,t
64,Miller,Miguel,miguel.miller68@example.com,2648618272,t
65,Mosciski,Lilian,lilian.mosciski30@example.com,8143363689,t
66,Marquardt,Shanna,shanna.marquardt28@example.com,3936075684,t
67,O'Reilly,Hector,hector.o'reilly75@example.com,5943100685,t
68,King,Kaylin,kaylin.king68@example.com,1317802869,t
69,Mosciski,Hailey,hailey.mosciski89@example.com,0646998880,t
70,Hackett,Luna,luna.hackett19@example.com,7365205805,t
71,Herman,Yvette,yvette.herman68@example.com,5760736020,t
72,Huels,Stanford,stanford.huels98@example.com,4450529381,t
73,Welch,Antonetta,antonetta.welch19@example.com,1539033760,t
74,Aufderhar,Herminio,herminio.aufderhar58@example.com,2788686739,t
75,Walsh,Alfonzo,alfonzo.walsh5@example.com,3911230241,t
76,Franecki,Adaline,adaline.franecki34@example.com,6405554803,t
77,Schultz,Mary,mary.schultz22@example.com,2697012885,t
78,Beer,Demetrius,demetrius.beer11@example.com,3629507900,t
79,Keeling,Ken,ken.keeling24@example.com,8787488598,t
80,Zemlak,Sandra,sandra.zemlak95@example.com,1497851586,t
81,Leannon,Jayce,jayce.leannon41@example.com,8380881572,t
82,Reichel,Dashawn,dashawn.reichel94@example.com,7199707265,t
83,Spencer,Fabian,fabian.spencer78@example.com,5977115076,t
84,Mertz,Estell,estell.mertz30@example.com,5399450290,t
85,Abernathy,Enrico,enrico.abernathy57@example.com,0765077008,t
86,Hudson,Elton,elton.hudson75@example.com,1283165328,t
87,Kuphal,Minerva,minerva.kuphal21@example.com,1567044694,t
88,Emard,Hubert,hubert.emard89@example.com,9664351520,t
89,Marks,Roselyn,roselyn.marks35@example.com,0904208578,t
90,Lang,Kirk,kirk.lang37@example.com,0592196618,t
91,Stamm,Marguerite,marguerite.stamm66@example.com,9942398582,t
92,Rosenbaum,Kayley,kayley.rosenbaum23@example.com,3771961523,t
93,Ziemann,Chris,chris.ziemann84@example.com,4450034011,t
94,Kautzer,Serena,serena.kautzer76@example.com,0974956353,t
95,Hudson,Orlo,orlo.hudson87@example.com,1746874408,t
96,Watsica,Aniyah,aniyah.watsica88@example.com,7769575006,t
97,Franecki,Isaias,isaias.franecki63@example.com,9584028726,t
98,Shields,Deon,deon.shields15@example.com,0211915856,t
99,Feil,Carlie,carlie.feil70@example.com,1839445012,t
100,Rolfson,Jayde,jayde.rolfson4@example.com,9276110416,t
