id,family_name,parent_first_name,email,phone,active
1,Stanton,Francis,francis.stanton94@example.com,7358453468,t
2,Hegmann,Cathrine,cathrine.hegmann27@example.com,3441164949,t
3,Herman,Blake,blake.herman24@example.com,9045686232,t
4,Jaskolski,Randi,randi.jaskolski35@example.com,1410394387,t
5,Bechtelar,Bret,bret.bechtelar67@example.com,9995054567,t
6,Feeney,Adelle,adelle.feeney18@example.com,2094021835,t
7,Howe,Ebony,ebony.howe82@example.com,9386437559,t
8,Fritsch,Leda,leda.fritsch47@example.com,9376559734,t
9,Pfeffer,Odell,odell.pfeffer29@example.com,9734967918,t
10,Aufderhar,Mellie,mellie.aufderhar20@example.com,0311669351,t
11,Schumm,Elda,elda.schumm35@example.com,4108624934,t
12,Kirlin,Chyna,chyna.kirlin35@example.com,8052848595,t
13,Grady,Eva,eva.grady53@example.com,4947071737,t
14,Bins,Bianka,bianka.bins6@example.com,6428596286,t
15,Corwin,Laney,laney.corwin92@example.com,7608331958,t
16,Thompson,Adrain,adrain.thompson93@example.com,4207687794,t
17,Erdman,Jayme,jayme.erdman83@example.com,1206461015,t
18,Dickens,Alycia,alycia.dickens43@example.com,7945347392,t
19,Mertz,Scot,scot.mertz20@example.com,0185506414,t
20,Will,Aniya,aniya.will82@example.com,2634165457,t
21,Miller,Michael,michael.miller55@example.com,9646349770,t
22,Cremin,Manuel,manuel.cremin23@example.com,6287060034,t
23,Medhurst,Jacey,jacey.medhurst91@example.com,3326834206,t
24,Kertzmann,Ellis,ellis.kertzmann3@example.com,6403951205,t
25,Herman,Amalia,amalia.herman25@example.com,2739136389,t
26,McGlynn,Felipa,felipa.mcglynn2@example.com,3222556014,t
27,Bogisich,Jada,jada.bogisich38@example.com,1869163865,t
28,Mills,Rickie,rickie.mills14@example.com,7420379538,t
29,Gleason,Brendan,brendan.gleason72@example.com,4727095965,t
30,Hermann,Norberto,norberto.hermann31@example.com,5752673699,t
31,Lind,Velda,velda.lind68@example.com,5825564399,t
32,Pacocha,Lavon,lavon.pacocha53@example.com,2965744977,t
33,Bailey,Dejuan,dejuan.bailey80@example.com,3284793868,t
34,Stokes,Tod,tod.stokes37@example.com,0744452209,t
35,Schmeler,Jeffry,jeffry.schmeler30@example.com,7657028152,t
36,Upton,Lowell,lowell.upton5@example.com,1958368534,t
37,Barton,Pink,pink.barton13@example.com,9089819200,t
38,Hermiston,Jannie,jannie.hermiston17@example.com,7594014392,t
39,Hand,Brando,brando.hand12@example.com,8819022481,t
40,Barrows,Shannon,shannon.barrows4@example.com,2456410255,t
41,Barton,Lawson,lawson.barton52@example.com,5242523575,t
42,O'Kon,Garrick,garrick.o'kon31@example.com,8767758204,t
43,Pfannerstill,Osbaldo,osbaldo.pfannerstill12@example.com,7983691254,t
44,Denesik,Estevan,estevan.denesik93@example.com,3857143237,t
45,Kiehn,Justyn,justyn.kiehn30@example.com,0993262479,t
46,Schuster,Kamren,kamren.schuster3@example.com,6460810514,t
47,Fay,Nikko,nikko.fay59@example.com,2459124608,t
48,Monahan,Ashlynn,ashlynn.monahan23@example.com,8366283187,t
49,Larson,Scarlett,scarlett.larson54@example.com,8783369601,t
50,Doyle,Lambert,lambert.doyle30@example.com,8857895551,t
51,VonRueden,Maud,maud.vonrueden33@example.com,5032453637,t
52,Walter,Antonio,antonio.walter62@example.com,2993676438,t
53,Mraz,Trystan,trystan.mraz93@example.com,6025083751,t
54,Harris,Tevin,tevin.harris32@example.com,2115099942,t
55,Schuster,Kavon,kavon.schuster48@example.com,6006470226,t
56,Raynor,Kristoffer,kristoffer.raynor9@example.com,4282341222,t
57,MacGyver,Juvenal,juvenal.macgyver46@example.com,0433994524,t
58,Schumm,Alanis,alanis.schumm1@example.com,3434629883,t
59,Wyman,Helmer,helmer.wyman24@example.com,4463515162,t
60,Stiedemann,Jaclyn,jaclyn.stiedemann69@example.com,1449143671,t
61,Schulist,Dock,dock.schulist91@example.com,1489147274,t
62,Pouros,Elvie,elvie.pouros37@example.com,2432603354,t
63,Haley,Anais,anais.haley57@example.com,9718330880,t
64,Reichel,Alba,alba.reichel30@example.com,5748321924,t
65,Bernier,Cecelia,cecelia.bernier18@example.com,6446242164,t
66,Romaguera,Graciela,graciela.romaguera23@example.com,0268937302,t
67,Sauer,Jayda,jayda.sauer97@example.com,7669928163,t
68,Wilderman,Alexandrine,alexandrine.wilderman45@example.com,3530997748,t
69,Dickinson,Trudie,trudie.dickinson70@example.com,7994090240,t
70,Kshlerin,Cecilia,cecilia.kshlerin51@example.com,1329931185,t
71,Mante,Marietta,marietta.mante35@example.com,9264347568,t
72,Metz,Keira,keira.metz10@example.com,0775471752,t
73,Reinger,Esperanza,esperanza.reinger10@example.com,1832159384,t
74,Ernser,Laury,laury.ernser67@example.com,8369699971,t
75,Johnston,Urban,urban.johnston31@example.com,2138170960,t
76,Jones,Shayna,shayna.jones63@example.com,4811089192,t
77,Strosin,Brianne,brianne.strosin51@example.com,1696681060,t
78,Roberts,Catharine,catharine.roberts63@example.com,0320325115,t
79,Friesen,Alivia,alivia.friesen17@example.com,2141309161,t
80,Cummerata,Arianna,arianna.cummerata75@example.com,5417582440,t
81,O'Conner,Robin,robin.o'conner29@example.com,0897031059,t
82,Stracke,Curtis,curtis.stracke48@example.com,4851047109,t
83,Carter,Mireya,mireya.carter4@example.com,4870461633,t
84,Olson,Ellen,ellen.olson6@example.com,4751468682,t
85,Kautzer,Noelia,noelia.kautzer27@example.com,4369333774,t
86,Hintz,Marlee,marlee.hintz99@example.com,4956004066,t
87,Zboncak,Clair,clair.zboncak89@example.com,0900918377,t
88,Armstrong,Evelyn,evelyn.armstrong78@example.com,9213231661,t
89,Smith,Maritza,maritza.smith2@example.com,8184800884,t
90,Dietrich,Gunner,gunner.dietrich1@example.com,5737632561,t
91,Bins,Linnea,linnea.bins21@example.com,3189587154,t
92,Schimmel,Marguerite,marguerite.schimmel76@example.com,0846575840,t
93,Steuber,Paxton,paxton.steuber35@example.com,8120688146,t
94,O'Hara,Myriam,myriam.o'hara34@example.com,2633659508,t
95,Hartmann,Judah,judah.hartmann89@example.com,0877222983,t
96,Turner,Toby,toby.turner12@example.com,7046425637,t
97,Robel,Damion,damion.robel9@example.com,4622991633,t
98,Franecki,Alexanne,alexanne.franecki90@example.com,1646723643,t
99,Kiehn,Desiree,desiree.kiehn46@example.com,5772472287,t
100,Kohler,Giles,giles.kohler49@example.com,2983971556,t
