id,family_name,parent_first_name,email,phone,active
1,Blick,Veda,veda.blick91@example.com,8831550274,1
2,Cole,Rahul,rahul.cole88@example.com,5660809108,1
3,Dare,Valerie,valerie.dare39@example.com,0144798322,1
4,Barrows,Jarrell,jarrell.barrows17@example.com,8027326940,1
5,Reichert,Mariane,mariane.reichert66@example.com,4098403221,1
6,Kilback,Ericka,ericka.kilback65@example.com,5489145152,1
7,Jones,Rodrick,rodrick.jones55@example.com,0656658300,1
8,Rohan,Arianna,arianna.rohan73@example.com,8030310071,1
9,Windler,Lloyd,lloyd.windler29@example.com,8555147159,1
10,Kshlerin,Aliyah,aliyah.kshlerin83@example.com,2052726801,1
11,Goldner,Casimir,casimir.goldner3@example.com,8324224821,1
12,Herman,Jettie,jettie.herman4@example.com,0540795028,1
13,Grant,Kamille,kamille.grant51@example.com,7459913224,1
14,Boyle,Mireya,mireya.boyle26@example.com,2894407286,1
15,O'Reilly,Rudolph,rudolph.o'reilly1@example.com,9451277020,1
16,Bailey,Cyril,cyril.bailey2@example.com,0790934694,1
17,Price,Maverick,maverick.price63@example.com,6062017020,1
18,Wiza,Christ,christ.wiza55@example.com,6282939050,1
19,Dickinson,Concepcion,concepcion.dickinson14@example.com,5661290821,1
20,Cremin,Tevin,tevin.cremin14@example.com,1589519163,1
21,Emard,Colten,colten.emard57@example.com,8819255703,1
22,Corkery,Gene,gene.corkery97@example.com,0040462378,1
23,Leuschke,Edison,edison.leuschke4@example.com,6871163832,1
24,Douglas,Sidney,sidney.douglas8@example.com,5274156750,1
25,Collins,Junior,junior.collins47@example.com,9724292471,1
26,Wyman,Kamron,kamron.wyman47@example.com,9769649159,1
27,Doyle,Alisa,alisa.doyle93@example.com,0993025526,1
28,Roob,Stan,stan.roob71@example.com,5137582494,1
29,Casper,Mylene,mylene.casper84@example.com,5009632614,1
30,Champlin,Savanna,savanna.champlin85@example.com,8915849305,1
31,Orn,Phoebe,phoebe.orn80@example.com,2692891744,1
32,Connelly,Adele,adele.connelly36@example.com,2504535262,1
33,Volkman,Maritza,maritza.volkman53@example.com,2484265920,1
34,Schaefer,Lorenzo,lorenzo.schaefer68@example.com,1161676986,1
35,Sauer,Evans,evans.sauer45@example.com,8898261639,1
36,Casper,Mack,mack.casper46@example.com,5228084463,1
37,Dibbert,Kylee,kylee.dibbert36@example.com,8318228198,1
38,Kuvalis,Howell,howell.kuvalis11@example.com,7109436756,1
39,Leannon,Aisha,aisha.leannon20@example.com,8324658287,1
40,Lesch,Betsy,betsy.lesch83@example.com,1660331445,1
41,Cronin,Eva,eva.cronin50@example.com,9981669088,1
42,Bauch,Martina,martina.bauch61@example.com,4997453365,1
43,Pollich,Daren,daren.pollich5@example.com,7314352388,1
44,Heaney,Justina,justina.heaney21@example.com,3998470345,1
45,Nicolas,Lilliana,lilliana.nicolas61@example.com,5404131828,1
46,Upton,Orland,orland.upton66@example.com,5496998150,1
47,Lockman,Riley,riley.lockman98@example.com,9346701607,1
48,Crist,Ernie,ernie.crist22@example.com,4467957874,1
49,Kutch,D'angelo,d'angelo.kutch41@example.com,6764048851,1
50,Jones,Kelli,kelli.jones92@example.com,6683636384,1
51,Veum,Maya,maya.veum85@example.com,7263658924,1
52,Kunze,Jaren,jaren.kunze58@example.com,7352682559,1
53,Schamberger,Brett,brett.schamberger21@example.com,0152604306,1
54,Morissette,Amy,amy.morissette37@example.com,3110192793,1
55,Ratke,Kaley,kaley.ratke67@example.com,1933376572,1
56,Hyatt,Gus,gus.hyatt15@example.com,2819387879,1
57,Nitzsche,Winnifred,winnifred.nitzsche67@example.com,8507562277,1
58,Goyette,Sterling,sterling.goyette29@example.com,1830339043,1
59,Pacocha,Arne,arne.pacocha10@example.com,7177300128,1
60,Graham,Elyssa,elyssa.graham30@example.com,3653376536,1
61,O'Kon,Sandy,sandy.o'kon4@example.com,8684340027,1
62,Hand,Ellsworth,ellsworth.hand53@example.com,0598814763,1
63,Roob,Jarrell,jarrell.roob43@example.com,3559755960,1
64,McLaughlin,Jazlyn,jazlyn.mclaughlin94@example.com,2851242972,1
65,Sporer,Donavon,donavon.sporer45@example.com,4773857005,1
66,Mitchell,Derrick,derrick.mitchell47@example.com,1286777225,1
67,Hansen,Jedidiah,jedidiah.hansen65@example.com,5988232135,1
68,Boyle,Alexa,alexa.boyle61@example.com,0024077912,1
69,Hickle,Alexis,alexis.hickle71@example.com,6323903643,1
70,Beatty,Nyasia,nyasia.beatty52@example.com,2920907977,1
71,Marvin,Mack,mack.marvin32@example.com,1315836594,1
72,Heidenreich,Hope,hope.heidenreich16@example.com,8643161651,1
73,Sporer,Mafalda,mafalda.sporer68@example.com,5262720894,1
74,Lubowitz,Josefa,josefa.lubowitz50@example.com,2047916898,1
75,Hauck,Theresa,theresa.hauck2@example.com,9400727110,1
76,Welch,Gideon,gideon.welch69@example.com,0452217018,1
77,Carter,Will,will.carter61@example.com,1499729084,1
78,Herman,Chyna,chyna.herman70@example.com,8391472951,1
79,Stanton,Elody,elody.stanton45@example.com,2715334469,1
80,Funk,Layne,layne.funk63@example.com,4718457254,1
81,Marks,Karli,karli.marks6@example.com,9362827535,1
82,Okuneva,Kamille,kamille.okuneva69@example.com,8724903835,1
83,Cassin,Tressa,tressa.cassin66@example.com,1434546905,1
84,Wilkinson,Burley,burley.wilkinson85@example.com,2916828968,1
85,Jones,Edwin,edwin.jones28@example.com,1047391983,1
86,Kuhlman,Erica,erica.kuhlman24@example.com,9745468777,1
87,Wehner,Kurtis,kurtis.wehner33@example.com,1208184840,1
88,Keebler,Edd,edd.keebler65@example.com,2073075766,1
89,Kassulke,Emely,emely.kassulke26@example.com,9645938465,1
90,Feest,Warren,warren.feest45@example.com,7646459644,1
91,Goyette,Owen,owen.goyette57@example.com,3146949087,1
92,Howell,Stephan,stephan.howell8@example.com,0577271519,1
93,Bruen,Hermina,hermina.bruen42@example.com,1691064765,1
94,Toy,Malachi,malachi.toy98@example.com,7181170586,1
95,Littel,Peter,peter.littel72@example.com,0433751551,1
96,Bayer,Carole,carole.bayer22@example.com,6240196608,1
97,Labadie,Colt,colt.labadie12@example.com,2159021433,1
98,King,Rhianna,rhianna.king49@example.com,0291187175,1
99,Thiel,Chandler,chandler.thiel64@example.com,7633259631,1
100,Ferry,Glenda,glenda.ferry85@example.com,9516077985,1
