id,family_name,parent_first_name,email,phone,active
1,Prosacco,Corbin,corbin.prosacco88@example.com,5329678280,1
2,Hettinger,Annetta,annetta.hettinger69@example.com,7043566693,1
3,Batz,Kyle,kyle.batz2@example.com,2606231669,1
4,Zulauf,Jayden,jayden.zulauf22@example.com,0826662203,1
5,Fadel,Bria,bria.fadel77@example.com,5767178615,1
6,Streich,Elyssa,elyssa.streich1@example.com,7062971108,1
7,Walker,Ray,ray.walker68@example.com,4559229222,1
8,Gerlach,Amanda,amanda.gerlach52@example.com,3189837917,1
9,Murazik,Eve,eve.murazik59@example.com,2415594368,1
10,Grant,Kristy,kristy.grant26@example.com,7757373700,1
11,Hilll,Kiley,kiley.hilll23@example.com,4307953942,1
12,Toy,Marcelle,marcelle.toy32@example.com,9063314615,1
13,Hegmann,Bridget,bridget.hegmann79@example.com,3779609908,1
14,Spencer,Clyde,clyde.spencer39@example.com,5378452839,1
15,Satterfield,Imani,imani.satterfield5@example.com,4686790289,1
16,Zulauf,Aubrey,aubrey.zulauf66@example.com,3440077800,1
17,Fritsch,Virginie,virginie.fritsch51@example.com,3249792055,1
18,Koss,Gaston,gaston.koss1@example.com,9403102708,1
19,Volkman,Edward,edward.volkman23@example.com,4012301520,1
20,Thiel,Haylie,haylie.thiel48@example.com,0706495737,1
21,Hartmann,Dariana,dariana.hartmann51@example.com,6809509957,1
22,Fahey,Colt,colt.fahey48@example.com,9863276873,1
23,Simonis,Daisha,daisha.simonis33@example.com,5111576518,1
24,Spinka,Sarah,sarah.spinka15@example.com,2801262681,1
25,Legros,Meredith,meredith.legros85@example.com,6411238750,1
26,Johns,Max,max.johns59@example.com,5000258675,1
27,Goodwin,Josh,josh.goodwin20@example.com,6049671754,1
28,Gislason,Lue,lue.gislason75@example.com,3522643264,1
29,Dickens,Isabell,isabell.dickens78@example.com,0029357331,1
30,Wyman,Dylan,dylan.wyman12@example.com,7145752369,1
31,Daniel,Miller,miller.daniel8@example.com,4264625987,1
32,Jenkins,Johann,johann.jenkins66@example.com,2102018988,1
33,Cartwright,Destiney,destiney.cartwright82@example.com,4736158715,1
34,Ullrich,Lamont,lamont.ullrich74@example.com,1334581642,1
35,Von,Kamron,kamron.von44@example.com,7705879894,1
36,Feeney,Clemmie,clemmie.feeney75@example.com,9233859053,1
37,Kuhn,Dino,dino.kuhn56@example.com,2456793690,1
38,Rodriguez,Annetta,annetta.rodriguez98@example.com,6404991063,1
39,Feest,Ryann,ryann.feest4@example.com,7211966444,1
40,Feest,Imogene,imogene.feest56@example.com,2685592894,1
41,Kilback,Boris,boris.kilback15@example.com,1780541861,1
42,Flatley,Cyrus,cyrus.flatley19@example.com,0991048253,1
43,Larson,Augustine,augustine.larson32@example.com,0257664583,1
44,Padberg,Chase,chase.padberg17@example.com,0509192517,1
45,Thompson,Teresa,teresa.thompson16@example.com,7854934609,1
46,Kub,Trever,trever.kub42@example.com,8925920246,1
47,Beahan,Jalyn,jalyn.beahan75@example.com,3121679848,1
48,Osinski,Franco,franco.osinski5@example.com,7868085925,1
49,Fay,Gayle,gayle.fay99@example.com,6835535853,1
50,Lowe,Macy,macy.lowe35@example.com,8282099457,1
51,Kilback,Laury,laury.kilback86@example.com,1008794074,1
52,Bradtke,Felipe,felipe.bradtke65@example.com,1824929345,1
53,Farrell,Malika,malika.farrell42@example.com,6482678556,1
54,Beer,Gerda,gerda.beer5@example.com,8922656673,1
55,Gutkowski,Davion,davion.gutkowski80@example.com,5066481470,1
56,Keeling,Edison,edison.keeling69@example.com,9115739362,1
57,Barton,Emerald,emerald.barton65@example.com,4849492921,1
58,Sipes,Edna,edna.sipes96@example.com,7968291367,1
59,McDermott,Tom,tom.mcdermott65@example.com,8510783066,1
60,Murphy,Cristobal,cristobal.murphy28@example.com,1362277334,1
61,Harvey,Mario,mario.harvey43@example.com,7380114914,1
62,Rowe,Margie,margie.rowe82@example.com,4411494000,1
63,Hamill,Chaim,chaim.hamill47@example.com,0496302464,1
64,Greenfelder,Enid,enid.greenfelder94@example.com,8651311596,1
65,Ryan,Sid,sid.ryan95@example.com,0512277035,1
66,Bailey,Arlo,arlo.bailey83@example.com,7790054611,1
67,Kuvalis,Heber,heber.kuvalis48@example.com,9062445727,1
68,Krajcik,Brown,brown.krajcik82@example.com,1528455396,1
69,Feeney,Oda,oda.feeney94@example.com,2467366337,1
70,Sipes,Micah,micah.sipes80@example.com,5221466118,1
71,Runolfsson,Reyes,reyes.runolfsson14@example.com,4123617767,1
72,Hermann,Electa,electa.hermann88@example.com,5633280804,1
73,Koch,Brennon,brennon.koch21@example.com,4298408358,1
74,Maggio,Kasandra,kasandra.maggio65@example.com,9316041370,1
75,Rodriguez,Jacques,jacques.rodriguez6@example.com,4576609927,1
76,Bayer,Lilyan,lilyan.bayer42@example.com,1337854658,1
77,Powlowski,Sabrina,sabrina.powlowski27@example.com,5248544358,1
78,Kuhic,Leon,leon.kuhic96@example.com,5447738697,1
79,Feest,Antonia,antonia.feest33@example.com,7447787522,1
80,Fay,Mable,mable.fay23@example.com,5822773051,1
81,Walter,Berry,berry.walter43@example.com,8610319903,1
82,Howe,Dave,dave.howe70@example.com,4214456297,1
83,Kozey,Megane,megane.kozey37@example.com,6140199467,1
84,Lang,Nicole,nicole.lang25@example.com,3031021947,1
85,Farrell,Tomasa,tomasa.farrell18@example.com,8275395421,1
86,Herman,Kenneth,kenneth.herman18@example.com,2598519346,1
87,Johns,Hyman,hyman.johns89@example.com,5798886398,1
88,Altenwerth,Susie,susie.altenwerth38@example.com,4673741830,1
89,Welch,Rose,rose.welch37@example.com,1913132458,1
90,Weissnat,Felton,felton.weissnat17@example.com,7625902703,1
91,Sporer,Kay,kay.sporer63@example.com,5463446427,1
92,Klein,Coralie,coralie.klein98@example.com,4160571948,1
93,Nitzsche,Ruben,ruben.nitzsche89@example.com,5563772027,1
94,Weimann,Delfina,delfina.weimann34@example.com,5741496287,1
95,O'Hara,Elizabeth,elizabeth.o'hara21@example.com,9054881538,1
96,Crist,Keenan,keenan.crist80@example.com,9233288828,1
97,Pagac,Manuel,manuel.pagac18@example.com,1278645752,1
98,Fay,Dedrick,dedrick.fay56@example.com,9535182488,1
99,Quigley,Burley,burley.quigley23@example.com,9056672458,1
100,Schultz,Barrett,barrett.schultz47@example.com,2845838090,1
